sample_id,sex,gen
DO-1D-3001,F,G22W1
DO-1D-3002,F,G22W1
DO-1D-3003,F,G22W1
DO-1D-3004,F,G22W1
DO-1D-3005,F,G22W1
DO-1D-3006,F,G22W1
DO-1D-3007,F,G22W1
DO-1D-3008,F,G22W1
DO-1D-3009,F,G22W1
DO-1D-3010,F,G22W1
DO-1D-3011,F,G22W1
DO-1D-3012,F,G22W1
DO-1D-3013,F,G22W1
DO-1D-3014,F,G22W1
DO-1D-3015,F,G22W1
DO-1D-3016,F,G22W1
DO-1D-3017,F,G22W2
DO-1D-3018,F,G22W2
DO-1D-3019,F,G22W2
DO-1D-3020,F,G22W2
DO-1D-3021,F,G22W2
DO-1D-3022,F,G22W2
DO-1D-3023,F,G22W2
DO-1D-3024,F,G22W2
DO-1D-3025,F,G22W2
DO-1D-3026,F,G22W2
DO-1D-3027,F,G22W2
DO-1D-3028,F,G22W2
DO-1D-3029,F,G22W2
DO-1D-3030,F,G22W2
DO-1D-3031,F,G22W2
DO-1D-3032,F,G22W2
DO-1D-3033,F,G23W1
DO-1D-3034,F,G23W1
DO-1D-3035,F,G23W1
DO-1D-3036,F,G23W1
DO-1D-3037,F,G23W1
DO-1D-3038,F,G23W1
DO-1D-3039,F,G23W1
DO-1D-3040,F,G23W1
DO-1D-3041,F,G23W1
DO-1D-3042,F,G23W1
DO-1D-3043,F,G23W1
DO-1D-3044,F,G23W1
DO-1D-3045,F,G23W1
DO-1D-3046,F,G23W1
DO-1D-3047,F,G23W1
DO-1D-3048,F,G23W1
DO-1D-3049,F,G23W2
DO-1D-3050,F,G23W2
DO-1D-3051,F,G23W2
DO-1D-3052,F,G23W2
DO-1D-3053,F,G23W2
DO-1D-3054,F,G23W2
DO-1D-3055,F,G23W2
DO-1D-3056,F,G23W2
DO-1D-3057,F,G23W2
DO-1D-3058,F,G23W2
DO-1D-3059,F,G23W2
DO-1D-3060,F,G23W2
DO-1D-3061,F,G23W2
DO-1D-3062,F,G23W2
DO-1D-3063,F,G23W2
DO-1D-3064,F,G23W2
DO-1D-3065,F,G24W1
DO-1D-3066,F,G24W1
DO-1D-3067,F,G24W1
DO-1D-3068,F,G24W1
DO-1D-3069,F,G24W1
DO-1D-3070,F,G24W1
DO-1D-3071,F,G24W1
DO-1D-3072,F,G24W1
DO-1D-3073,F,G24W1
DO-1D-3074,F,G24W1
DO-1D-3075,F,G24W1
DO-1D-3076,F,G24W1
DO-1D-3077,F,G24W1
DO-1D-3078,F,G24W1
DO-1D-3079,F,G24W1
DO-1D-3080,F,G24W1
DO-1D-3081,F,G24W2
DO-1D-3082,F,G24W2
DO-1D-3083,F,G24W2
DO-1D-3084,F,G24W2
DO-1D-3085,F,G24W2
DO-1D-3086,F,G24W2
DO-1D-3087,F,G24W2
DO-1D-3088,F,G24W2
DO-1D-3089,F,G24W2
DO-1D-3090,F,G24W2
DO-1D-3091,F,G24W2
DO-1D-3092,F,G24W2
DO-1D-3093,F,G24W2
DO-1D-3094,F,G24W2
DO-1D-3095,F,G24W2
DO-1D-3096,F,G24W2
DO-1D-3097,F,G26W1
DO-1D-3098,F,G26W1
DO-1D-3099,F,G26W1
DO-1D-3100,F,G26W1
DO-1D-3101,F,G26W1
DO-1D-3102,F,G26W1
DO-1D-3103,F,G26W1
DO-1D-3104,F,G26W1
DO-1D-3105,F,G26W1
DO-1D-3106,F,G26W1
DO-1D-3107,F,G26W1
DO-1D-3108,F,G26W1
DO-1D-3109,F,G26W1
DO-1D-3110,F,G26W1
DO-1D-3111,F,G26W1
DO-1D-3112,F,G26W1
DO-1D-3113,F,G26W2
DO-1D-3114,F,G26W2
DO-1D-3115,F,G26W2
DO-1D-3116,F,G26W2
DO-1D-3117,F,G26W2
DO-1D-3118,F,G26W2
DO-1D-3119,F,G26W2
DO-1D-3120,F,G26W2
DO-1D-3121,F,G26W2
DO-1D-3122,F,G26W2
DO-1D-3123,F,G26W2
DO-1D-3124,F,G26W2
DO-1D-3125,F,G26W2
DO-1D-3126,F,G26W2
DO-1D-3127,F,G26W2
DO-1D-3128,F,G26W2
DO-1D-3129,F,G27W1
DO-1D-3130,F,G27W1
DO-1D-3131,F,G27W1
DO-1D-3132,F,G27W1
DO-1D-3133,F,G27W1
DO-1D-3134,F,G27W1
DO-1D-3135,F,G27W1
DO-1D-3136,F,G27W1
DO-1D-3137,F,G27W1
DO-1D-3138,F,G27W1
DO-1D-3139,F,G27W1
DO-1D-3140,F,G27W1
DO-1D-3141,F,G27W1
DO-1D-3142,F,G27W1
DO-1D-3143,F,G27W1
DO-1D-3144,F,G27W1
DO-1D-3145,F,G27W2
DO-1D-3146,F,G27W2
DO-1D-3147,F,G27W2
DO-1D-3148,F,G27W2
DO-1D-3149,F,G27W2
DO-1D-3150,F,G27W2
DO-1D-3151,F,G27W2
DO-1D-3152,F,G27W2
DO-1D-3153,F,G27W2
DO-1D-3154,F,G27W2
DO-1D-3155,F,G27W2
DO-1D-3156,F,G27W2
DO-1D-3157,F,G27W2
DO-1D-3158,F,G27W2
DO-1D-3159,F,G27W2
DO-1D-3160,F,G27W2
DO-1D-3161,F,G28W1
DO-1D-3162,F,G28W1
DO-1D-3163,F,G28W1
DO-1D-3164,F,G28W1
DO-1D-3165,F,G28W1
DO-1D-3166,F,G28W1
DO-1D-3167,F,G28W1
DO-1D-3168,F,G28W1
DO-1D-3169,F,G28W1
DO-1D-3170,F,G28W1
DO-1D-3171,F,G28W1
DO-1D-3172,F,G28W1
DO-1D-3173,F,G28W1
DO-1D-3174,F,G28W1
DO-1D-3175,F,G28W1
DO-1D-3176,F,G28W1
DO-1D-3177,F,G28W2
DO-1D-3178,F,G28W2
DO-1D-3179,F,G28W2
DO-1D-3180,F,G28W2
DO-1D-3181,F,G28W2
DO-1D-3182,F,G28W2
DO-1D-3183,F,G28W2
DO-1D-3184,F,G28W2
DO-1D-3185,F,G28W2
DO-1D-3186,F,G28W2
DO-1D-3187,F,G28W2
DO-1D-3188,F,G28W2
DO-1D-3189,F,G28W2
DO-1D-3190,F,G28W2
DO-1D-3191,F,G28W2
DO-1D-3192,F,G28W2
DO-20-1001,F,G22W1
DO-20-1002,F,G22W1
DO-20-1003,F,G22W1
DO-20-1004,F,G22W1
DO-20-1005,F,G22W1
DO-20-1006,F,G22W1
DO-20-1007,F,G22W1
DO-20-1008,F,G22W1
DO-20-1009,F,G22W1
DO-20-1010,F,G22W1
DO-20-1011,F,G22W1
DO-20-1012,F,G22W1
DO-20-1013,F,G22W1
DO-20-1014,F,G22W1
DO-20-1015,F,G22W1
DO-20-1016,F,G22W1
DO-20-1017,F,G22W2
DO-20-1018,F,G22W2
DO-20-1019,F,G22W2
DO-20-1020,F,G22W2
DO-20-1021,F,G22W2
DO-20-1022,F,G22W2
DO-20-1023,F,G22W2
DO-20-1024,F,G22W2
DO-20-1025,F,G22W2
DO-20-1026,F,G22W2
DO-20-1027,F,G22W2
DO-20-1028,F,G22W2
DO-20-1029,F,G22W2
DO-20-1030,F,G22W2
DO-20-1031,F,G22W2
DO-20-1032,F,G22W2
DO-20-1033,F,G23W1
DO-20-1034,F,G23W1
DO-20-1035,F,G23W1
DO-20-1036,F,G23W1
DO-20-1037,F,G23W1
DO-20-1038,F,G23W1
DO-20-1039,F,G23W1
DO-20-1040,F,G23W1
DO-20-1041,F,G23W1
DO-20-1042,F,G23W1
DO-20-1043,F,G23W1
DO-20-1044,F,G23W1
DO-20-1045,F,G23W1
DO-20-1046,F,G23W1
DO-20-1047,F,G23W1
DO-20-1048,F,G23W1
DO-20-1049,F,G23W2
DO-20-1050,F,G23W2
DO-20-1051,F,G23W2
DO-20-1052,F,G23W2
DO-20-1053,F,G23W2
DO-20-1054,F,G23W2
DO-20-1055,F,G23W2
DO-20-1056,F,G23W2
DO-20-1057,F,G23W2
DO-20-1058,F,G23W2
DO-20-1059,F,G23W2
DO-20-1060,F,G23W2
DO-20-1061,F,G23W2
DO-20-1062,F,G23W2
DO-20-1063,F,G23W2
DO-20-1064,F,G23W2
DO-20-1065,F,G24W1
DO-20-1066,F,G24W1
DO-20-1067,F,G24W1
DO-20-1068,F,G24W1
DO-20-1069,F,G24W1
DO-20-1070,F,G24W1
DO-20-1071,F,G24W1
DO-20-1072,F,G24W1
DO-20-1073,F,G24W1
DO-20-1074,F,G24W1
DO-20-1075,F,G24W1
DO-20-1076,F,G24W1
DO-20-1077,F,G24W1
DO-20-1078,F,G24W1
DO-20-1079,F,G24W1
DO-20-1080,F,G24W1
DO-20-1081,F,G24W2
DO-20-1082,F,G24W2
DO-20-1083,F,G24W2
DO-20-1084,F,G24W2
DO-20-1085,F,G24W2
DO-20-1086,F,G24W2
DO-20-1087,F,G24W2
DO-20-1088,F,G24W2
DO-20-1089,F,G24W2
DO-20-1090,F,G24W2
DO-20-1091,F,G24W2
DO-20-1092,F,G24W2
DO-20-1093,F,G24W2
DO-20-1094,F,G24W2
DO-20-1095,F,G24W2
DO-20-1096,F,G24W2
DO-20-1097,F,G26W1
DO-20-1098,F,G26W1
DO-20-1099,F,G26W1
DO-20-1100,F,G26W1
DO-20-1101,F,G26W1
DO-20-1102,F,G26W1
DO-20-1103,F,G26W1
DO-20-1104,F,G26W1
DO-20-1105,F,G26W1
DO-20-1106,F,G26W1
DO-20-1107,F,G26W1
DO-20-1108,F,G26W1
DO-20-1109,F,G26W1
DO-20-1110,F,G26W1
DO-20-1111,F,G26W1
DO-20-1112,F,G26W1
DO-20-1113,F,G26W2
DO-20-1114,F,G26W2
DO-20-1115,F,G26W2
DO-20-1116,F,G26W2
DO-20-1117,F,G26W2
DO-20-1118,F,G26W2
DO-20-1119,F,G26W2
DO-20-1120,F,G26W2
DO-20-1121,F,G26W2
DO-20-1122,F,G26W2
DO-20-1123,F,G26W2
DO-20-1124,F,G26W2
DO-20-1125,F,G26W2
DO-20-1126,F,G26W2
DO-20-1127,F,G26W2
DO-20-1128,F,G26W2
DO-20-1129,F,G27W1
DO-20-1130,F,G27W1
DO-20-1131,F,G27W1
DO-20-1132,F,G27W1
DO-20-1133,F,G27W1
DO-20-1134,F,G27W1
DO-20-1135,F,G27W1
DO-20-1136,F,G27W1
DO-20-1137,F,G27W1
DO-20-1138,F,G27W1
DO-20-1139,F,G27W1
DO-20-1140,F,G27W1
DO-20-1141,F,G27W1
DO-20-1142,F,G27W1
DO-20-1143,F,G27W1
DO-20-1144,F,G27W1
DO-20-1145,F,G27W2
DO-20-1146,F,G27W2
DO-20-1147,F,G27W2
DO-20-1148,F,G27W2
DO-20-1149,F,G27W2
DO-20-1150,F,G27W2
DO-20-1151,F,G27W2
DO-20-1152,F,G27W2
DO-20-1153,F,G27W2
DO-20-1154,F,G27W2
DO-20-1155,F,G27W2
DO-20-1156,F,G27W2
DO-20-1157,F,G27W2
DO-20-1158,F,G27W2
DO-20-1159,F,G27W2
DO-20-1160,F,G27W2
DO-20-1161,F,G28W1
DO-20-1162,F,G28W1
DO-20-1163,F,G28W1
DO-20-1164,F,G28W1
DO-20-1165,F,G28W1
DO-20-1166,F,G28W1
DO-20-1167,F,G28W1
DO-20-1168,F,G28W1
DO-20-1169,F,G28W1
DO-20-1170,F,G28W1
DO-20-1171,F,G28W1
DO-20-1172,F,G28W1
DO-20-1173,F,G28W1
DO-20-1174,F,G28W1
DO-20-1175,F,G28W1
DO-20-1176,F,G28W1
DO-20-1177,F,G28W2
DO-20-1178,F,G28W2
DO-20-1179,F,G28W2
DO-20-1180,F,G28W2
DO-20-1181,F,G28W2
DO-20-1182,F,G28W2
DO-20-1183,F,G28W2
DO-20-1184,F,G28W2
DO-20-1185,F,G28W2
DO-20-1186,F,G28W2
DO-20-1187,F,G28W2
DO-20-1188,F,G28W2
DO-20-1189,F,G28W2
DO-20-1190,F,G28W2
DO-20-1191,F,G28W2
DO-20-1192,F,G28W2
DO-2D-4001,F,G22W1
DO-2D-4002,F,G22W1
DO-2D-4003,F,G22W1
DO-2D-4004,F,G22W1
DO-2D-4005,F,G22W1
DO-2D-4006,F,G22W1
DO-2D-4007,F,G22W1
DO-2D-4008,F,G22W1
DO-2D-4009,F,G22W1
DO-2D-4010,F,G22W1
DO-2D-4011,F,G22W1
DO-2D-4012,F,G22W1
DO-2D-4013,F,G22W1
DO-2D-4014,F,G22W1
DO-2D-4015,F,G22W1
DO-2D-4016,F,G22W1
DO-2D-4017,F,G22W2
DO-2D-4018,F,G22W2
DO-2D-4019,F,G22W2
DO-2D-4020,F,G22W2
DO-2D-4021,F,G22W2
DO-2D-4022,F,G22W2
DO-2D-4023,F,G22W2
DO-2D-4024,F,G22W2
DO-2D-4025,F,G22W2
DO-2D-4026,F,G22W2
DO-2D-4027,F,G22W2
DO-2D-4028,F,G22W2
DO-2D-4029,F,G22W2
DO-2D-4030,F,G22W2
DO-2D-4031,F,G22W2
DO-2D-4032,F,G22W2
DO-2D-4033,F,G23W1
DO-2D-4034,F,G23W1
DO-2D-4035,F,G23W1
DO-2D-4036,F,G23W1
DO-2D-4037,F,G23W1
DO-2D-4038,F,G23W1
DO-2D-4039,F,G23W1
DO-2D-4040,F,G23W1
DO-2D-4041,F,G23W1
DO-2D-4042,F,G23W1
DO-2D-4043,F,G23W1
DO-2D-4044,F,G23W1
DO-2D-4045,F,G23W1
DO-2D-4046,F,G23W1
DO-2D-4047,F,G23W1
DO-2D-4048,F,G23W1
DO-2D-4049,F,G23W2
DO-2D-4050,F,G23W2
DO-2D-4051,F,G23W2
DO-2D-4052,F,G23W2
DO-2D-4053,F,G23W2
DO-2D-4054,F,G23W2
DO-2D-4055,F,G23W2
DO-2D-4056,F,G23W2
DO-2D-4057,F,G23W2
DO-2D-4058,F,G23W2
DO-2D-4059,F,G23W2
DO-2D-4060,F,G23W2
DO-2D-4061,F,G23W2
DO-2D-4062,F,G23W2
DO-2D-4063,F,G23W2
DO-2D-4064,F,G23W2
DO-2D-4065,F,G24W1
DO-2D-4066,F,G24W1
DO-2D-4067,F,G24W1
DO-2D-4068,F,G24W1
DO-2D-4069,F,G24W1
DO-2D-4070,F,G24W1
DO-2D-4071,F,G24W1
DO-2D-4072,F,G24W1
DO-2D-4073,F,G24W1
DO-2D-4074,F,G24W1
DO-2D-4075,F,G24W1
DO-2D-4076,F,G24W1
DO-2D-4077,F,G24W1
DO-2D-4078,F,G24W1
DO-2D-4079,F,G24W1
DO-2D-4080,F,G24W1
DO-2D-4081,F,G24W2
DO-2D-4082,F,G24W2
DO-2D-4083,F,G24W2
DO-2D-4084,F,G24W2
DO-2D-4085,F,G24W2
DO-2D-4086,F,G24W2
DO-2D-4087,F,G24W2
DO-2D-4088,F,G24W2
DO-2D-4089,F,G24W2
DO-2D-4090,F,G24W2
DO-2D-4091,F,G24W2
DO-2D-4092,F,G24W2
DO-2D-4093,F,G24W2
DO-2D-4094,F,G24W2
DO-2D-4095,F,G24W2
DO-2D-4096,F,G24W2
DO-2D-4097,F,G26W1
DO-2D-4098,F,G26W1
DO-2D-4099,F,G26W1
DO-2D-4100,F,G26W1
DO-2D-4101,F,G26W1
DO-2D-4102,F,G26W1
DO-2D-4103,F,G26W1
DO-2D-4104,F,G26W1
DO-2D-4105,F,G26W1
DO-2D-4106,F,G26W1
DO-2D-4107,F,G26W1
DO-2D-4108,F,G26W1
DO-2D-4109,F,G26W1
DO-2D-4110,F,G26W1
DO-2D-4111,F,G26W1
DO-2D-4112,F,G26W1
DO-2D-4113,F,G26W2
DO-2D-4114,F,G26W2
DO-2D-4115,F,G26W2
DO-2D-4116,F,G26W2
DO-2D-4117,F,G26W2
DO-2D-4118,F,G26W2
DO-2D-4119,F,G26W2
DO-2D-4120,F,G26W2
DO-2D-4121,F,G26W2
DO-2D-4122,F,G26W2
DO-2D-4123,F,G26W2
DO-2D-4124,F,G26W2
DO-2D-4125,F,G26W2
DO-2D-4126,F,G26W2
DO-2D-4127,F,G26W2
DO-2D-4128,F,G26W2
DO-2D-4129,F,G27W1
DO-2D-4130,F,G27W1
DO-2D-4131,F,G27W1
DO-2D-4132,F,G27W1
DO-2D-4133,F,G27W1
DO-2D-4134,F,G27W1
DO-2D-4135,F,G27W1
DO-2D-4136,F,G27W1
DO-2D-4137,F,G27W1
DO-2D-4138,F,G27W1
DO-2D-4139,F,G27W1
DO-2D-4140,F,G27W1
DO-2D-4141,F,G27W1
DO-2D-4142,F,G27W1
DO-2D-4143,F,G27W1
DO-2D-4144,F,G27W1
DO-2D-4145,F,G27W2
DO-2D-4146,F,G27W2
DO-2D-4147,F,G27W2
DO-2D-4148,F,G27W2
DO-2D-4149,F,G27W2
DO-2D-4150,F,G27W2
DO-2D-4151,F,G27W2
DO-2D-4152,F,G27W2
DO-2D-4153,F,G27W2
DO-2D-4154,F,G27W2
DO-2D-4155,F,G27W2
DO-2D-4156,F,G27W2
DO-2D-4157,F,G27W2
DO-2D-4158,F,G27W2
DO-2D-4159,F,G27W2
DO-2D-4160,F,G27W2
DO-2D-4161,F,G28W1
DO-2D-4162,F,G28W1
DO-2D-4163,F,G28W1
DO-2D-4164,F,G28W1
DO-2D-4165,F,G28W1
DO-2D-4166,F,G28W1
DO-2D-4167,F,G28W1
DO-2D-4168,F,G28W1
DO-2D-4169,F,G28W1
DO-2D-4170,F,G28W1
DO-2D-4171,F,G28W1
DO-2D-4172,F,G28W1
DO-2D-4173,F,G28W1
DO-2D-4174,F,G28W1
DO-2D-4175,F,G28W1
DO-2D-4176,F,G28W1
DO-2D-4177,F,G28W2
DO-2D-4178,F,G28W2
DO-2D-4179,F,G28W2
DO-2D-4180,F,G28W2
DO-2D-4181,F,G28W2
DO-2D-4182,F,G28W2
DO-2D-4183,F,G28W2
DO-2D-4184,F,G28W2
DO-2D-4185,F,G28W2
DO-2D-4186,F,G28W2
DO-2D-4187,F,G28W2
DO-2D-4188,F,G28W2
DO-2D-4189,F,G28W2
DO-2D-4190,F,G28W2
DO-2D-4191,F,G28W2
DO-2D-4192,F,G28W2
DO-40-2001,F,G22W1
DO-40-2002,F,G22W1
DO-40-2003,F,G22W1
DO-40-2004,F,G22W1
DO-40-2005,F,G22W1
DO-40-2006,F,G22W1
DO-40-2007,F,G22W1
DO-40-2008,F,G22W1
DO-40-2009,F,G22W1
DO-40-2010,F,G22W1
DO-40-2011,F,G22W1
DO-40-2012,F,G22W1
DO-40-2013,F,G22W1
DO-40-2014,F,G22W1
DO-40-2015,F,G22W1
DO-40-2016,F,G22W1
DO-40-2017,F,G22W2
DO-40-2018,F,G22W2
DO-40-2019,F,G22W2
DO-40-2020,F,G22W2
DO-40-2021,F,G22W2
DO-40-2022,F,G22W2
DO-40-2023,F,G22W2
DO-40-2024,F,G22W2
DO-40-2025,F,G22W2
DO-40-2026,F,G22W2
DO-40-2027,F,G22W2
DO-40-2028,F,G22W2
DO-40-2029,F,G22W2
DO-40-2030,F,G22W2
DO-40-2031,F,G22W2
DO-40-2032,F,G22W2
DO-40-2033,F,G23W1
DO-40-2034,F,G23W1
DO-40-2035,F,G23W1
DO-40-2036,F,G23W1
DO-40-2037,F,G23W1
DO-40-2038,F,G23W1
DO-40-2039,F,G23W1
DO-40-2040,F,G23W1
DO-40-2041,F,G23W1
DO-40-2042,F,G23W1
DO-40-2043,F,G23W1
DO-40-2044,F,G23W1
DO-40-2045,F,G23W1
DO-40-2046,F,G23W1
DO-40-2047,F,G23W1
DO-40-2048,F,G23W1
DO-40-2049,F,G23W2
DO-40-2050,F,G23W2
DO-40-2051,F,G23W2
DO-40-2052,F,G23W2
DO-40-2053,F,G23W2
DO-40-2054,F,G23W2
DO-40-2055,F,G23W2
DO-40-2056,F,G23W2
DO-40-2057,F,G23W2
DO-40-2058,F,G23W2
DO-40-2059,F,G23W2
DO-40-2060,F,G23W2
DO-40-2061,F,G23W2
DO-40-2062,F,G23W2
DO-40-2063,F,G23W2
DO-40-2064,F,G23W2
DO-40-2065,F,G24W1
DO-40-2066,F,G24W1
DO-40-2067,F,G24W1
DO-40-2068,F,G24W1
DO-40-2069,F,G24W1
DO-40-2070,F,G24W1
DO-40-2071,F,G24W1
DO-40-2072,F,G24W1
DO-40-2073,F,G24W1
DO-40-2074,F,G24W1
DO-40-2075,F,G24W1
DO-40-2076,F,G24W1
DO-40-2077,F,G24W1
DO-40-2078,F,G24W1
DO-40-2079,F,G24W1
DO-40-2080,F,G24W1
DO-40-2081,F,G24W2
DO-40-2082,F,G24W2
DO-40-2083,F,G24W2
DO-40-2084,F,G24W2
DO-40-2085,F,G24W2
DO-40-2086,F,G24W2
DO-40-2087,F,G24W2
DO-40-2088,F,G24W2
DO-40-2089,F,G24W2
DO-40-2090,F,G24W2
DO-40-2091,F,G24W2
DO-40-2092,F,G24W2
DO-40-2093,F,G24W2
DO-40-2094,F,G24W2
DO-40-2095,F,G24W2
DO-40-2096,F,G24W2
DO-40-2097,F,G26W1
DO-40-2098,F,G26W1
DO-40-2099,F,G26W1
DO-40-2100,F,G26W1
DO-40-2101,F,G26W1
DO-40-2102,F,G26W1
DO-40-2103,F,G26W1
DO-40-2104,F,G26W1
DO-40-2105,F,G26W1
DO-40-2106,F,G26W1
DO-40-2107,F,G26W1
DO-40-2108,F,G26W1
DO-40-2109,F,G26W1
DO-40-2110,F,G26W1
DO-40-2111,F,G26W1
DO-40-2112,F,G26W1
DO-40-2113,F,G26W2
DO-40-2114,F,G26W2
DO-40-2115,F,G26W2
DO-40-2116,F,G26W2
DO-40-2117,F,G26W2
DO-40-2118,F,G26W2
DO-40-2119,F,G26W2
DO-40-2120,F,G26W2
DO-40-2121,F,G26W2
DO-40-2122,F,G26W2
DO-40-2123,F,G26W2
DO-40-2124,F,G26W2
DO-40-2125,F,G26W2
DO-40-2126,F,G26W2
DO-40-2127,F,G26W2
DO-40-2128,F,G26W2
DO-40-2129,F,G27W1
DO-40-2130,F,G27W1
DO-40-2131,F,G27W1
DO-40-2132,F,G27W1
DO-40-2133,F,G27W1
DO-40-2134,F,G27W1
DO-40-2135,F,G27W1
DO-40-2136,F,G27W1
DO-40-2137,F,G27W1
DO-40-2138,F,G27W1
DO-40-2139,F,G27W1
DO-40-2140,F,G27W1
DO-40-2141,F,G27W1
DO-40-2142,F,G27W1
DO-40-2143,F,G27W1
DO-40-2144,F,G27W1
DO-40-2145,F,G27W2
DO-40-2146,F,G27W2
DO-40-2147,F,G27W2
DO-40-2148,F,G27W2
DO-40-2149,F,G27W2
DO-40-2150,F,G27W2
DO-40-2151,F,G27W2
DO-40-2152,F,G27W2
DO-40-2153,F,G27W2
DO-40-2154,F,G27W2
DO-40-2155,F,G27W2
DO-40-2156,F,G27W2
DO-40-2157,F,G27W2
DO-40-2158,F,G27W2
DO-40-2159,F,G27W2
DO-40-2160,F,G27W2
DO-40-2161,F,G28W1
DO-40-2162,F,G28W1
DO-40-2163,F,G28W1
DO-40-2164,F,G28W1
DO-40-2165,F,G28W1
DO-40-2166,F,G28W1
DO-40-2167,F,G28W1
DO-40-2168,F,G28W1
DO-40-2169,F,G28W1
DO-40-2170,F,G28W1
DO-40-2171,F,G28W1
DO-40-2172,F,G28W1
DO-40-2173,F,G28W1
DO-40-2174,F,G28W1
DO-40-2175,F,G28W1
DO-40-2176,F,G28W1
DO-40-2177,F,G28W2
DO-40-2178,F,G28W2
DO-40-2179,F,G28W2
DO-40-2180,F,G28W2
DO-40-2181,F,G28W2
DO-40-2182,F,G28W2
DO-40-2183,F,G28W2
DO-40-2184,F,G28W2
DO-40-2185,F,G28W2
DO-40-2186,F,G28W2
DO-40-2187,F,G28W2
DO-40-2188,F,G28W2
DO-40-2189,F,G28W2
DO-40-2190,F,G28W2
DO-40-2191,F,G28W2
DO-40-2192,F,G28W2
DO-AL-0001,F,G22W1
DO-AL-0002,F,G22W1
DO-AL-0003,F,G22W1
DO-AL-0004,F,G22W1
DO-AL-0005,F,G22W1
DO-AL-0006,F,G22W1
DO-AL-0007,F,G22W1
DO-AL-0008,F,G22W1
DO-AL-0009,F,G22W1
DO-AL-0010,F,G22W1
DO-AL-0011,F,G22W1
DO-AL-0012,F,G22W1
DO-AL-0013,F,G22W1
DO-AL-0014,F,G22W1
DO-AL-0015,F,G22W1
DO-AL-0016,F,G22W1
DO-AL-0017,F,G22W2
DO-AL-0018,F,G22W2
DO-AL-0019,F,G22W2
DO-AL-0020,F,G22W2
DO-AL-0021,F,G22W2
DO-AL-0022,F,G22W2
DO-AL-0023,F,G22W2
DO-AL-0024,F,G22W2
DO-AL-0025,F,G22W2
DO-AL-0026,F,G22W2
DO-AL-0027,F,G22W2
DO-AL-0028,F,G22W2
DO-AL-0029,F,G22W2
DO-AL-0030,F,G22W2
DO-AL-0031,F,G22W2
DO-AL-0032,F,G22W2
DO-AL-0033,F,G23W1
DO-AL-0034,F,G23W1
DO-AL-0035,F,G23W1
DO-AL-0036,F,G23W1
DO-AL-0037,F,G23W1
DO-AL-0038,F,G23W1
DO-AL-0039,F,G23W1
DO-AL-0040,F,G23W1
DO-AL-0041,F,G23W1
DO-AL-0042,F,G23W1
DO-AL-0043,F,G23W1
DO-AL-0044,F,G23W1
DO-AL-0045,F,G23W1
DO-AL-0046,F,G23W1
DO-AL-0047,F,G23W1
DO-AL-0048,F,G23W1
DO-AL-0049,F,G23W2
DO-AL-0050,F,G23W2
DO-AL-0051,F,G23W2
DO-AL-0052,F,G23W2
DO-AL-0053,F,G23W2
DO-AL-0054,F,G23W2
DO-AL-0055,F,G23W2
DO-AL-0056,F,G23W2
DO-AL-0057,F,G23W2
DO-AL-0058,F,G23W2
DO-AL-0059,F,G23W2
DO-AL-0060,F,G23W2
DO-AL-0061,F,G23W2
DO-AL-0062,F,G23W2
DO-AL-0063,F,G23W2
DO-AL-0064,F,G23W2
DO-AL-0065,F,G24W1
DO-AL-0066,F,G24W1
DO-AL-0067,F,G24W1
DO-AL-0068,F,G24W1
DO-AL-0069,F,G24W1
DO-AL-0070,F,G24W1
DO-AL-0071,F,G24W1
DO-AL-0072,F,G24W1
DO-AL-0073,F,G24W1
DO-AL-0074,F,G24W1
DO-AL-0075,F,G24W1
DO-AL-0076,F,G24W1
DO-AL-0077,F,G24W1
DO-AL-0078,F,G24W1
DO-AL-0079,F,G24W1
DO-AL-0080,F,G24W1
DO-AL-0081,F,G24W2
DO-AL-0082,F,G24W2
DO-AL-0083,F,G24W2
DO-AL-0084,F,G24W2
DO-AL-0085,F,G24W2
DO-AL-0086,F,G24W2
DO-AL-0087,F,G24W2
DO-AL-0088,F,G24W2
DO-AL-0089,F,G24W2
DO-AL-0090,F,G24W2
DO-AL-0091,F,G24W2
DO-AL-0092,F,G24W2
DO-AL-0093,F,G24W2
DO-AL-0094,F,G24W2
DO-AL-0095,F,G24W2
DO-AL-0096,F,G24W2
DO-AL-0097,F,G26W1
DO-AL-0098,F,G26W1
DO-AL-0099,F,G26W1
DO-AL-0100,F,G26W1
DO-AL-0101,F,G26W1
DO-AL-0102,F,G26W1
DO-AL-0103,F,G26W1
DO-AL-0104,F,G26W1
DO-AL-0105,F,G26W1
DO-AL-0106,F,G26W1
DO-AL-0107,F,G26W1
DO-AL-0108,F,G26W1
DO-AL-0109,F,G26W1
DO-AL-0110,F,G26W1
DO-AL-0111,F,G26W1
DO-AL-0112,F,G26W1
DO-AL-0113,F,G26W2
DO-AL-0114,F,G26W2
DO-AL-0115,F,G26W2
DO-AL-0116,F,G26W2
DO-AL-0117,F,G26W2
DO-AL-0118,F,G26W2
DO-AL-0119,F,G26W2
DO-AL-0120,F,G26W2
DO-AL-0121,F,G26W2
DO-AL-0122,F,G26W2
DO-AL-0123,F,G26W2
DO-AL-0124,F,G26W2
DO-AL-0125,F,G26W2
DO-AL-0126,F,G26W2
DO-AL-0127,F,G26W2
DO-AL-0128,F,G26W2
DO-AL-0129,F,G27W1
DO-AL-0130,F,G27W1
DO-AL-0131,F,G27W1
DO-AL-0132,F,G27W1
DO-AL-0133,F,G27W1
DO-AL-0134,F,G27W1
DO-AL-0135,F,G27W1
DO-AL-0136,F,G27W1
DO-AL-0137,F,G27W1
DO-AL-0138,F,G27W1
DO-AL-0139,F,G27W1
DO-AL-0140,F,G27W1
DO-AL-0141,F,G27W1
DO-AL-0142,F,G27W1
DO-AL-0143,F,G27W1
DO-AL-0144,F,G27W1
DO-AL-0145,F,G27W2
DO-AL-0146,F,G27W2
DO-AL-0147,F,G27W2
DO-AL-0148,F,G27W2
DO-AL-0149,F,G27W2
DO-AL-0150,F,G27W2
DO-AL-0151,F,G27W2
DO-AL-0152,F,G27W2
DO-AL-0153,F,G27W2
DO-AL-0154,F,G27W2
DO-AL-0155,F,G27W2
DO-AL-0156,F,G27W2
DO-AL-0157,F,G27W2
DO-AL-0158,F,G27W2
DO-AL-0159,F,G27W2
DO-AL-0160,F,G27W2
DO-AL-0161,F,G28W1
DO-AL-0162,F,G28W1
DO-AL-0163,F,G28W1
DO-AL-0164,F,G28W1
DO-AL-0165,F,G28W1
DO-AL-0166,F,G28W1
DO-AL-0167,F,G28W1
DO-AL-0168,F,G28W1
DO-AL-0169,F,G28W1
DO-AL-0170,F,G28W1
DO-AL-0171,F,G28W1
DO-AL-0172,F,G28W1
DO-AL-0173,F,G28W1
DO-AL-0174,F,G28W1
DO-AL-0175,F,G28W1
DO-AL-0176,F,G28W1
DO-AL-0177,F,G28W2
DO-AL-0178,F,G28W2
DO-AL-0179,F,G28W2
DO-AL-0180,F,G28W2
DO-AL-0181,F,G28W2
DO-AL-0182,F,G28W2
DO-AL-0183,F,G28W2
DO-AL-0184,F,G28W2
DO-AL-0185,F,G28W2
DO-AL-0186,F,G28W2
DO-AL-0187,F,G28W2
DO-AL-0188,F,G28W2
DO-AL-0189,F,G28W2
DO-AL-0190,F,G28W2
DO-AL-0191,F,G28W2
DO-AL-0192,F,G28W2
